{
  "model_type": "RandomForestClassifier",
  "training_date": "2025-09-06T10:49:48.226325",
  "dataset_size": 284807,
  "features_count": 30,
  "test_accuracy": 0.9995084442259752,
  "test_precision": 0.9605263157894737,
  "test_recall": 0.7448979591836735,
  "test_f1_score": 0.839080459770115,
  "feature_names": [
    "Time",
    "V1",
    "V2",
    "V3",
    "V4",
    "V5",
    "V6",
    "V7",
    "V8",
    "V9",
    "V10",
    "V11",
    "V12",
    "V13",
    "V14",
    "V15",
    "V16",
    "V17",
    "V18",
    "V19",
    "V20",
    "V21",
    "V22",
    "V23",
    "V24",
    "V25",
    "V26",
    "V27",
    "V28",
    "Amount"
  ],
  "top_5_features": [
    "V14",
    "V10",
    "V12",
    "V4",
    "V17"
  ],
  "class_distribution": {
    "normal": 284315,
    "fraud": 492
  }
}